,Transaction_ID,Date,Customer_ID,Merchant_Name,Transaction_Amount,Payment_Method,Transaction_Status,Location,Month
3,T1003,2025-01-01,C104,Myntra,4366.3,UPI,Success,Chennai,2025-01
7,T1007,2025-01-02,C144,Flipkart,4913.71,Debit Card,Failed,Delhi,2025-01
8,T1008,2025-01-02,C130,Swiggy,4953.97,UPI,Success,Mumbai,2025-01
16,T1016,2025-01-04,C137,Amazon,4746.5,Net Banking,Success,Delhi,2025-01
18,T1018,2025-01-05,C120,Swiggy,4958.08,Debit Card,Success,Delhi,2025-01
40,T1040,2025-01-10,C186,Myntra,4965.05,Debit Card,Success,Mumbai,2025-01
45,T1045,2025-01-11,C181,Swiggy,4207.46,Credit Card,Success,Delhi,2025-01
52,T1052,2025-01-13,C127,Amazon,4020.73,Net Banking,Failed,Bangalore,2025-01
54,T1054,2025-01-13,C141,Amazon,4205.89,Credit Card,Success,Bangalore,2025-01
57,T1057,2025-01-14,C106,Swiggy,4998.05,Net Banking,Success,Bangalore,2025-01
67,T1067,2025-01-16,C170,Myntra,4605.94,Credit Card,Success,Kolkata,2025-01
69,T1069,2025-01-16,C183,Swiggy,4053.21,Debit Card,Success,Mumbai,2025-01
71,T1071,2025-01-17,C145,Swiggy,4187.83,Credit Card,Success,Chennai,2025-01
82,T1082,2025-01-18,C197,Swiggy,4086.6,Debit Card,Success,Chennai,2025-01
86,T1086,2025-01-19,C110,Swiggy,4158.85,Net Banking,Failed,Delhi,2025-01
87,T1087,2025-01-19,C128,Amazon,4482.73,Net Banking,Success,Kolkata,2025-01
88,T1088,2025-01-19,C163,Amazon,4092.81,Credit Card,Success,Delhi,2025-01
91,T1091,2025-01-20,C122,Swiggy,4240.08,Credit Card,Success,Chennai,2025-01
108,T1108,2025-01-24,C106,Flipkart,4684.86,UPI,Success,Mumbai,2025-01
115,T1115,2025-01-25,C190,Swiggy,4834.22,Credit Card,Failed,Bangalore,2025-01
117,T1117,2025-01-26,C100,BigBasket,4706.35,Debit Card,Success,Bangalore,2025-01
118,T1118,2025-01-26,C130,Amazon,4794.39,UPI,Success,Delhi,2025-01
121,T1121,2025-01-27,C138,Flipkart,4815.72,UPI,Success,Bangalore,2025-01
124,T1124,2025-01-27,C167,Amazon,4787.25,UPI,Success,Chennai,2025-01
127,T1127,2025-01-28,C113,Myntra,4341.89,Debit Card,Success,Bangalore,2025-01
128,T1128,2025-01-28,C168,Amazon,4494.67,Credit Card,Success,Chennai,2025-01
129,T1129,2025-01-28,C141,Swiggy,4827.66,Credit Card,Success,Chennai,2025-01
137,T1137,2025-01-29,C188,Amazon,4374.42,Credit Card,Failed,Bangalore,2025-01
140,T1140,2025-01-30,C136,Amazon,4574.2,Net Banking,Success,Mumbai,2025-01
142,T1142,2025-01-30,C161,Swiggy,4962.81,Credit Card,Failed,Chennai,2025-01
145,T1145,2025-01-31,C195,Flipkart,4820.95,UPI,Success,Bangalore,2025-01
147,T1147,2025-01-31,C194,Flipkart,4805.28,UPI,Success,Kolkata,2025-01
149,T1149,2025-02-01,C150,Swiggy,4049.9,Credit Card,Failed,Bangalore,2025-02
156,T1156,2025-02-02,C140,Amazon,4739.03,Debit Card,Success,Bangalore,2025-02
157,T1157,2025-02-03,C181,Flipkart,4062.98,Net Banking,Success,Bangalore,2025-02
161,T1161,2025-02-04,C111,BigBasket,4429.03,Debit Card,Success,Delhi,2025-02
163,T1163,2025-02-04,C158,Flipkart,4252.58,Debit Card,Success,Delhi,2025-02
167,T1167,2025-02-05,C129,Flipkart,4809.27,UPI,Success,Kolkata,2025-02
168,T1168,2025-02-05,C160,BigBasket,4353.9,UPI,Success,Mumbai,2025-02
169,T1169,2025-02-06,C137,Swiggy,4647.39,UPI,Success,Chennai,2025-02
175,T1175,2025-02-09,C165,BigBasket,4233.84,Credit Card,Success,Kolkata,2025-02
176,T1176,2025-02-09,C166,Swiggy,4891.96,Credit Card,Success,Chennai,2025-02
177,T1177,2025-02-09,C185,Amazon,4140.61,Credit Card,Failed,Kolkata,2025-02
179,T1179,2025-02-09,C134,Amazon,4201.44,Debit Card,Success,Delhi,2025-02
184,T1184,2025-02-10,C133,Swiggy,4410.9,Net Banking,Success,Delhi,2025-02
185,T1185,2025-02-10,C197,Swiggy,4999.5,Debit Card,Success,Chennai,2025-02
189,T1189,2025-02-10,C197,BigBasket,4677.05,Net Banking,Success,Mumbai,2025-02
196,T1196,2025-02-11,C157,Swiggy,4951.65,Debit Card,Success,Chennai,2025-02
198,T1198,2025-02-12,C198,BigBasket,4845.19,Debit Card,Success,Mumbai,2025-02
200,T1200,2025-02-12,C105,BigBasket,4414.05,Credit Card,Success,Delhi,2025-02
218,T1218,2025-02-18,C172,BigBasket,4715.09,Net Banking,Failed,Kolkata,2025-02
227,T1227,2025-02-20,C160,BigBasket,4530.78,Credit Card,Success,Kolkata,2025-02
235,T1235,2025-02-22,C139,Amazon,4953.85,Net Banking,Failed,Delhi,2025-02
237,T1237,2025-02-23,C110,BigBasket,4040.53,Net Banking,Pending,Delhi,2025-02
242,T1242,2025-02-24,C118,Swiggy,4970.09,Net Banking,Success,Bangalore,2025-02
247,T1247,2025-02-24,C177,Myntra,4760.73,Net Banking,Success,Bangalore,2025-02
250,T1250,2025-02-25,C139,Swiggy,4579.88,Net Banking,Success,Chennai,2025-02
253,T1253,2025-02-25,C137,Myntra,4175.15,Net Banking,Success,Kolkata,2025-02
258,T1258,2025-02-26,C123,BigBasket,4206.67,Credit Card,Success,Bangalore,2025-02
259,T1259,2025-02-26,C182,Myntra,4530.14,Debit Card,Failed,Mumbai,2025-02
267,T1267,2025-02-27,C160,Swiggy,4306.81,Net Banking,Success,Bangalore,2025-02
278,T1278,2025-03-02,C157,Flipkart,4294.55,Net Banking,Success,Bangalore,2025-03
286,T1286,2025-03-03,C174,Swiggy,4454.28,UPI,Success,Delhi,2025-03
292,T1292,2025-03-04,C190,Amazon,4712.52,Debit Card,Success,Delhi,2025-03
295,T1295,2025-03-04,C161,Myntra,4830.3,UPI,Success,Kolkata,2025-03
300,T1300,2025-03-05,C140,Flipkart,4822.88,Net Banking,Success,Chennai,2025-03
303,T1303,2025-03-05,C170,Amazon,4103.88,Net Banking,Success,Chennai,2025-03
304,T1304,2025-03-05,C153,Swiggy,4240.2,Credit Card,Failed,Mumbai,2025-03
305,T1305,2025-03-05,C148,Flipkart,4920.31,Debit Card,Success,Bangalore,2025-03
306,T1306,2025-03-05,C176,Myntra,4757.4,Net Banking,Failed,Mumbai,2025-03
310,T1310,2025-03-06,C110,BigBasket,4484.04,Net Banking,Success,Delhi,2025-03
324,T1324,2025-03-09,C149,Swiggy,4597.91,Debit Card,Failed,Delhi,2025-03
335,T1335,2025-03-11,C175,BigBasket,4246.94,Net Banking,Success,Bangalore,2025-03
338,T1338,2025-03-11,C171,Flipkart,4155.31,Credit Card,Success,Delhi,2025-03
345,T1345,2025-03-13,C167,Amazon,4847.05,Debit Card,Failed,Mumbai,2025-03
353,T1353,2025-03-13,C128,Swiggy,4818.08,UPI,Success,Bangalore,2025-03
356,T1356,2025-03-14,C173,Amazon,4150.98,Net Banking,Failed,Delhi,2025-03
362,T1362,2025-03-17,C101,Swiggy,4728.68,Net Banking,Success,Mumbai,2025-03
369,T1369,2025-03-18,C147,Myntra,4127.18,UPI,Success,Delhi,2025-03
374,T1374,2025-03-19,C175,BigBasket,4767.43,Debit Card,Success,Delhi,2025-03
377,T1377,2025-03-20,C116,Amazon,4792.26,UPI,Success,Delhi,2025-03
380,T1380,2025-03-21,C146,Myntra,4574.04,Credit Card,Success,Kolkata,2025-03
381,T1381,2025-03-21,C158,Swiggy,4180.91,UPI,Success,Mumbai,2025-03
382,T1382,2025-03-21,C137,Swiggy,4597.96,Credit Card,Success,Kolkata,2025-03
383,T1383,2025-03-21,C198,BigBasket,4593.59,Net Banking,Failed,Kolkata,2025-03
387,T1387,2025-03-22,C184,BigBasket,4296.9,Net Banking,Success,Kolkata,2025-03
388,T1388,2025-03-22,C121,Myntra,4949.39,UPI,Success,Kolkata,2025-03
392,T1392,2025-03-23,C183,Flipkart,4984.95,Net Banking,Success,Chennai,2025-03
399,T1399,2025-03-25,C132,BigBasket,4236.52,Debit Card,Success,Mumbai,2025-03
403,T1403,2025-03-26,C117,Swiggy,4247.07,Credit Card,Success,Mumbai,2025-03
409,T1409,2025-03-27,C186,Swiggy,4094.69,Net Banking,Success,Bangalore,2025-03
413,T1413,2025-03-28,C139,Swiggy,4567.75,Credit Card,Success,Kolkata,2025-03
423,T1423,2025-03-30,C109,Flipkart,4647.78,Credit Card,Success,Mumbai,2025-03
425,T1425,2025-03-31,C186,BigBasket,4871.2,UPI,Success,Chennai,2025-03
441,T1441,2025-04-04,C119,Myntra,4888.52,Net Banking,Success,Delhi,2025-04
444,T1444,2025-04-05,C172,Flipkart,4075.13,Credit Card,Success,Kolkata,2025-04
445,T1445,2025-04-05,C139,Amazon,4940.63,UPI,Success,Delhi,2025-04
456,T1456,2025-04-08,C153,Amazon,4947.55,UPI,Success,Delhi,2025-04
461,T1461,2025-04-08,C101,Myntra,4116.88,Credit Card,Success,Kolkata,2025-04
463,T1463,2025-04-09,C172,Swiggy,4963.3,Credit Card,Failed,Mumbai,2025-04
465,T1465,2025-04-09,C195,Flipkart,4311.03,Debit Card,Success,Kolkata,2025-04
473,T1473,2025-04-12,C188,Myntra,4501.59,Credit Card,Success,Chennai,2025-04
474,T1474,2025-04-12,C131,Flipkart,4125.25,Net Banking,Success,Kolkata,2025-04
475,T1475,2025-04-13,C180,Swiggy,4487.8,Debit Card,Failed,Chennai,2025-04
486,T1486,2025-04-14,C129,Flipkart,4085.32,Net Banking,Success,Delhi,2025-04
496,T1496,2025-04-17,C158,Myntra,4908.0,Net Banking,Failed,Delhi,2025-04
504,T1504,2025-04-18,C114,Swiggy,4746.06,Debit Card,Success,Mumbai,2025-04
506,T1506,2025-04-19,C116,Flipkart,4507.19,Debit Card,Success,Kolkata,2025-04
509,T1509,2025-04-19,C142,Myntra,4253.44,UPI,Success,Kolkata,2025-04
512,T1512,2025-04-19,C195,Myntra,4753.76,Net Banking,Success,Chennai,2025-04
518,T1518,2025-04-20,C129,Swiggy,4181.52,UPI,Failed,Mumbai,2025-04
521,T1521,2025-04-21,C174,BigBasket,4295.38,Net Banking,Success,Bangalore,2025-04
529,T1529,2025-04-22,C155,Swiggy,4686.6,Debit Card,Success,Kolkata,2025-04
530,T1530,2025-04-22,C189,BigBasket,4889.6,Net Banking,Success,Delhi,2025-04
542,T1542,2025-04-25,C161,Amazon,4060.42,UPI,Success,Delhi,2025-04
543,T1543,2025-04-25,C124,Amazon,4575.94,UPI,Success,Bangalore,2025-04
546,T1546,2025-04-26,C165,Swiggy,4428.53,Debit Card,Failed,Kolkata,2025-04
548,T1548,2025-04-27,C112,Amazon,4320.05,Net Banking,Success,Chennai,2025-04
552,T1552,2025-04-27,C138,Flipkart,4031.47,Debit Card,Success,Mumbai,2025-04
557,T1557,2025-04-28,C189,Myntra,4588.65,Credit Card,Failed,Bangalore,2025-04
558,T1558,2025-04-28,C188,BigBasket,4839.28,UPI,Success,Chennai,2025-04
566,T1566,2025-04-30,C115,BigBasket,4708.66,UPI,Success,Delhi,2025-04
571,T1571,2025-04-30,C175,Myntra,4740.42,Credit Card,Pending,Bangalore,2025-04
575,T1575,2025-05-02,C155,Flipkart,4040.74,UPI,Success,Kolkata,2025-05
580,T1580,2025-05-02,C151,Flipkart,4108.82,Credit Card,Success,Mumbai,2025-05
582,T1582,2025-05-03,C113,BigBasket,4160.34,Credit Card,Success,Kolkata,2025-05
585,T1585,2025-05-04,C195,Swiggy,4438.93,UPI,Failed,Chennai,2025-05
586,T1586,2025-05-05,C183,Myntra,4078.0,UPI,Success,Chennai,2025-05
596,T1596,2025-05-06,C102,BigBasket,4971.7,Net Banking,Success,Bangalore,2025-05
602,T1602,2025-05-08,C157,BigBasket,4631.64,Credit Card,Success,Kolkata,2025-05
612,T1612,2025-05-10,C172,Swiggy,4406.62,Debit Card,Success,Mumbai,2025-05
613,T1613,2025-05-11,C153,Swiggy,4672.93,UPI,Success,Delhi,2025-05
617,T1617,2025-05-11,C154,Flipkart,4942.97,Net Banking,Success,Kolkata,2025-05
635,T1635,2025-05-17,C104,Swiggy,4872.42,Debit Card,Success,Mumbai,2025-05
650,T1650,2025-05-19,C116,Flipkart,4824.94,Net Banking,Success,Mumbai,2025-05
655,T1655,2025-05-20,C197,Flipkart,4907.53,Debit Card,Success,Mumbai,2025-05
658,T1658,2025-05-20,C195,Amazon,4812.28,Net Banking,Success,Delhi,2025-05
660,T1660,2025-05-21,C114,Amazon,4824.64,Net Banking,Success,Bangalore,2025-05
661,T1661,2025-05-21,C129,Swiggy,4874.05,Credit Card,Success,Mumbai,2025-05
666,T1666,2025-05-22,C148,Amazon,4337.09,UPI,Success,Bangalore,2025-05
667,T1667,2025-05-22,C188,Flipkart,4928.17,Net Banking,Failed,Delhi,2025-05
668,T1668,2025-05-22,C113,Amazon,4241.15,UPI,Success,Delhi,2025-05
675,T1675,2025-05-23,C148,BigBasket,4392.13,Credit Card,Success,Chennai,2025-05
678,T1678,2025-05-24,C198,Myntra,4150.3,Net Banking,Failed,Delhi,2025-05
688,T1688,2025-05-26,C170,BigBasket,4347.18,Debit Card,Success,Delhi,2025-05
689,T1689,2025-05-26,C152,BigBasket,4746.68,Credit Card,Success,Chennai,2025-05
692,T1692,2025-05-28,C161,BigBasket,4220.6,Net Banking,Success,Delhi,2025-05
696,T1696,2025-05-28,C141,Flipkart,4229.21,Net Banking,Success,Bangalore,2025-05
712,T1712,2025-06-01,C116,Flipkart,4310.31,Credit Card,Success,Mumbai,2025-06
714,T1714,2025-06-01,C142,Swiggy,4997.88,Debit Card,Success,Bangalore,2025-06
717,T1717,2025-06-02,C122,Flipkart,4495.71,UPI,Success,Bangalore,2025-06
719,T1719,2025-06-02,C117,Amazon,4775.62,Net Banking,Success,Kolkata,2025-06
724,T1724,2025-06-03,C109,BigBasket,4746.03,Credit Card,Failed,Mumbai,2025-06
728,T1728,2025-06-04,C179,Amazon,4517.36,Debit Card,Success,Delhi,2025-06
729,T1729,2025-06-05,C176,Amazon,4085.31,UPI,Success,Mumbai,2025-06
733,T1733,2025-06-05,C169,Flipkart,4935.07,Debit Card,Success,Bangalore,2025-06
734,T1734,2025-06-05,C122,Flipkart,4510.62,Credit Card,Success,Kolkata,2025-06
738,T1738,2025-06-06,C170,Myntra,4610.31,Credit Card,Success,Chennai,2025-06
741,T1741,2025-06-07,C167,Flipkart,4432.34,Debit Card,Success,Bangalore,2025-06
747,T1747,2025-06-09,C100,Swiggy,4422.95,Debit Card,Success,Chennai,2025-06
748,T1748,2025-06-09,C196,Amazon,4204.15,UPI,Success,Mumbai,2025-06
749,T1749,2025-06-09,C179,Flipkart,4996.6,Net Banking,Success,Chennai,2025-06
755,T1755,2025-06-11,C182,Amazon,4772.69,Net Banking,Success,Delhi,2025-06
758,T1758,2025-06-12,C158,Amazon,4609.14,Debit Card,Failed,Bangalore,2025-06
759,T1759,2025-06-12,C153,Myntra,4321.5,UPI,Success,Mumbai,2025-06
777,T1777,2025-06-16,C180,Myntra,4767.37,UPI,Success,Kolkata,2025-06
778,T1778,2025-06-16,C154,BigBasket,4590.43,UPI,Success,Mumbai,2025-06
780,T1780,2025-06-16,C175,Swiggy,4912.78,Debit Card,Success,Kolkata,2025-06
786,T1786,2025-06-17,C169,Flipkart,4045.18,Debit Card,Failed,Bangalore,2025-06
787,T1787,2025-06-17,C164,BigBasket,4810.55,Net Banking,Success,Chennai,2025-06
795,T1795,2025-06-19,C118,Amazon,4235.31,Debit Card,Success,Kolkata,2025-06
808,T1808,2025-06-21,C131,Flipkart,4553.38,Credit Card,Success,Chennai,2025-06
809,T1809,2025-06-21,C103,Myntra,4117.34,Credit Card,Failed,Bangalore,2025-06
812,T1812,2025-06-21,C182,Amazon,4327.05,Net Banking,Success,Mumbai,2025-06
815,T1815,2025-06-21,C152,Amazon,4121.92,UPI,Success,Kolkata,2025-06
828,T1828,2025-06-24,C122,Flipkart,4666.99,Credit Card,Success,Delhi,2025-06
838,T1838,2025-06-26,C148,Flipkart,4804.77,Debit Card,Pending,Bangalore,2025-06
839,T1839,2025-06-26,C139,Flipkart,4298.18,Credit Card,Success,Chennai,2025-06
842,T1842,2025-06-28,C151,BigBasket,4231.99,Debit Card,Success,Chennai,2025-06
847,T1847,2025-06-28,C181,Flipkart,4240.02,Debit Card,Success,Mumbai,2025-06
859,T1859,2025-07-01,C112,BigBasket,4774.54,Credit Card,Success,Delhi,2025-07
865,T1865,2025-07-03,C109,Flipkart,4443.39,Net Banking,Success,Bangalore,2025-07
866,T1866,2025-07-03,C195,Swiggy,4590.26,Credit Card,Success,Delhi,2025-07
876,T1876,2025-07-04,C134,Amazon,4000.37,Credit Card,Success,Chennai,2025-07
879,T1879,2025-07-05,C165,Myntra,4918.86,Debit Card,Success,Bangalore,2025-07
886,T1886,2025-07-07,C136,Swiggy,4030.18,UPI,Pending,Kolkata,2025-07
894,T1894,2025-07-08,C154,Myntra,4073.1,Debit Card,Success,Kolkata,2025-07
898,T1898,2025-07-09,C154,Myntra,4688.94,Net Banking,Success,Kolkata,2025-07
912,T1912,2025-07-12,C160,Myntra,4659.24,Credit Card,Success,Kolkata,2025-07
921,T1921,2025-07-13,C177,Swiggy,4982.14,Credit Card,Success,Delhi,2025-07
922,T1922,2025-07-13,C128,Swiggy,4872.9,Credit Card,Success,Delhi,2025-07
923,T1923,2025-07-13,C152,Flipkart,4091.65,UPI,Success,Chennai,2025-07
924,T1924,2025-07-14,C170,Swiggy,4304.57,Credit Card,Pending,Mumbai,2025-07
928,T1928,2025-07-15,C184,Flipkart,4029.29,UPI,Success,Mumbai,2025-07
933,T1933,2025-07-16,C184,BigBasket,4514.61,UPI,Success,Chennai,2025-07
947,T1947,2025-07-19,C167,Flipkart,4523.81,Net Banking,Success,Chennai,2025-07
949,T1949,2025-07-19,C184,Swiggy,4090.61,Credit Card,Success,Bangalore,2025-07
950,T1950,2025-07-19,C132,Myntra,4014.04,Debit Card,Success,Mumbai,2025-07
956,T1956,2025-07-20,C192,Myntra,4941.37,Debit Card,Success,Mumbai,2025-07
957,T1957,2025-07-20,C102,Flipkart,4845.28,Credit Card,Success,Chennai,2025-07
958,T1958,2025-07-21,C135,Amazon,4437.75,Credit Card,Success,Mumbai,2025-07
961,T1961,2025-07-22,C160,Flipkart,4207.28,Debit Card,Success,Chennai,2025-07
962,T1962,2025-07-22,C107,Myntra,4776.55,UPI,Success,Chennai,2025-07
991,T1991,2025-07-28,C192,Amazon,4491.57,Debit Card,Success,Kolkata,2025-07
994,T1994,2025-07-29,C154,Swiggy,4297.18,Credit Card,Success,Mumbai,2025-07
1000,T2000,2025-08-01,C125,Swiggy,8600.12,UPI,Success,Kolkata,2025-08
1001,T2001,2025-08-01,C110,Amazon,7635.28,Credit Card,Success,Chennai,2025-08
1003,T2003,2025-08-02,C168,BigBasket,4489.8,UPI,Success,Kolkata,2025-08
1004,T2004,2025-08-02,C196,Flipkart,8293.55,UPI,Pending,Mumbai,2025-08
1005,T2005,2025-08-02,C129,Myntra,9709.91,UPI,Pending,Bangalore,2025-08
1006,T2006,2025-08-02,C146,Flipkart,4720.54,UPI,Success,Delhi,2025-08
1007,T2007,2025-08-03,C100,BigBasket,9678.35,Debit Card,Success,Bangalore,2025-08
1009,T2009,2025-08-03,C180,Myntra,6731.16,Net Banking,Pending,Delhi,2025-08
1013,T2013,2025-08-04,C180,Swiggy,7829.22,Debit Card,Success,Chennai,2025-08
1015,T2015,2025-08-05,C117,Flipkart,6383.71,Credit Card,Pending,Delhi,2025-08
1017,T2017,2025-08-05,C164,Myntra,8548.69,UPI,Success,Bangalore,2025-08
1019,T2019,2025-08-05,C190,Amazon,6676.7,Credit Card,Success,Chennai,2025-08
1022,T2022,2025-08-06,C151,Swiggy,4516.95,Net Banking,Success,Kolkata,2025-08
1024,T2024,2025-08-06,C162,BigBasket,9094.95,UPI,Success,Mumbai,2025-08
1025,T2025,2025-08-07,C148,Myntra,7197.21,Credit Card,Pending,Mumbai,2025-08
1026,T2026,2025-08-07,C158,Flipkart,9035.76,Net Banking,Success,Mumbai,2025-08
1027,T2027,2025-08-07,C131,Swiggy,5834.27,UPI,Success,Chennai,2025-08
1028,T2028,2025-08-07,C139,Flipkart,7222.68,Credit Card,Success,Kolkata,2025-08
1029,T2029,2025-08-07,C133,Flipkart,6533.48,Debit Card,Success,Mumbai,2025-08
1030,T2030,2025-08-08,C107,Flipkart,4990.51,Net Banking,Success,Kolkata,2025-08
1031,T2031,2025-08-08,C124,Flipkart,5917.68,Credit Card,Failed,Delhi,2025-08
1033,T2033,2025-08-08,C120,BigBasket,4874.8,UPI,Success,Mumbai,2025-08
1034,T2034,2025-08-09,C108,Swiggy,9384.48,UPI,Success,Chennai,2025-08
1036,T2036,2025-08-09,C197,Myntra,8280.29,Net Banking,Success,Chennai,2025-08
1038,T2038,2025-08-10,C103,Swiggy,7297.25,Credit Card,Success,Mumbai,2025-08
1040,T2040,2025-08-11,C128,Myntra,8101.69,Credit Card,Pending,Kolkata,2025-08
1041,T2041,2025-08-11,C174,Swiggy,5199.07,UPI,Success,Bangalore,2025-08
1043,T2043,2025-08-11,C154,Flipkart,7511.22,Credit Card,Success,Kolkata,2025-08
1055,T2055,2025-08-14,C112,Amazon,6376.35,Credit Card,Success,Delhi,2025-08
1056,T2056,2025-08-14,C150,Amazon,9665.7,Net Banking,Failed,Chennai,2025-08
1057,T2057,2025-08-14,C161,BigBasket,4727.08,Debit Card,Success,Mumbai,2025-08
1058,T2058,2025-08-15,C159,Myntra,7988.49,Credit Card,Success,Kolkata,2025-08
1059,T2059,2025-08-15,C166,Swiggy,8690.62,Debit Card,Success,Kolkata,2025-08
1060,T2060,2025-08-15,C153,Flipkart,4316.23,UPI,Success,Bangalore,2025-08
1063,T2063,2025-08-16,C106,Flipkart,8264.18,UPI,Success,Kolkata,2025-08
1066,T2066,2025-08-16,C185,Flipkart,5952.32,Debit Card,Success,Mumbai,2025-08
1067,T2067,2025-08-17,C193,BigBasket,8762.55,Debit Card,Success,Chennai,2025-08
1070,T2070,2025-08-17,C177,BigBasket,8351.24,Net Banking,Success,Chennai,2025-08
1071,T2071,2025-08-17,C147,Swiggy,8451.39,Net Banking,Failed,Kolkata,2025-08
1072,T2072,2025-08-18,C141,BigBasket,7816.83,Debit Card,Success,Mumbai,2025-08
1073,T2073,2025-08-18,C161,Flipkart,5407.07,UPI,Success,Chennai,2025-08
1075,T2075,2025-08-18,C135,Flipkart,4830.99,Net Banking,Success,Chennai,2025-08
1077,T2077,2025-08-19,C100,Myntra,9493.69,UPI,Failed,Bangalore,2025-08
1078,T2078,2025-08-19,C108,Swiggy,5400.8,UPI,Success,Chennai,2025-08
1079,T2079,2025-08-19,C169,Myntra,5373.95,Credit Card,Success,Delhi,2025-08
1081,T2081,2025-08-20,C116,Flipkart,6182.36,Debit Card,Success,Delhi,2025-08
1082,T2082,2025-08-20,C171,Flipkart,9365.8,Debit Card,Failed,Delhi,2025-08
1083,T2083,2025-08-21,C157,Amazon,7847.98,Debit Card,Success,Bangalore,2025-08
1084,T2084,2025-08-21,C101,Flipkart,5941.75,UPI,Success,Chennai,2025-08
1085,T2085,2025-08-21,C194,Flipkart,5693.01,Net Banking,Pending,Chennai,2025-08
1086,T2086,2025-08-22,C124,Amazon,7662.84,Credit Card,Success,Mumbai,2025-08
1087,T2087,2025-08-22,C192,Amazon,9319.24,Credit Card,Success,Delhi,2025-08
1088,T2088,2025-08-22,C175,Flipkart,6612.85,Debit Card,Success,Chennai,2025-08
1091,T2091,2025-08-23,C137,Flipkart,4435.25,Credit Card,Success,Delhi,2025-08
1092,T2092,2025-08-23,C175,Flipkart,9367.79,Debit Card,Pending,Mumbai,2025-08
1093,T2093,2025-08-23,C180,Flipkart,9867.65,UPI,Pending,Bangalore,2025-08
1094,T2094,2025-08-24,C195,Flipkart,8520.28,Credit Card,Success,Mumbai,2025-08
1095,T2095,2025-08-24,C180,Amazon,6892.35,Debit Card,Success,Delhi,2025-08
1097,T2097,2025-08-24,C111,Myntra,9192.57,Debit Card,Success,Mumbai,2025-08
1098,T2098,2025-08-24,C173,BigBasket,8804.08,Debit Card,Success,Kolkata,2025-08
1099,T2099,2025-08-25,C159,Swiggy,6690.28,Credit Card,Success,Mumbai,2025-08
1104,T2104,2025-08-26,C149,BigBasket,9285.17,Net Banking,Success,Mumbai,2025-08
1106,T2106,2025-08-27,C187,Amazon,6337.12,Debit Card,Success,Chennai,2025-08
1108,T2108,2025-08-27,C129,Amazon,6154.28,Credit Card,Success,Delhi,2025-08
1109,T2109,2025-08-27,C194,Flipkart,8853.04,Net Banking,Success,Chennai,2025-08
1111,T2111,2025-08-28,C163,Swiggy,6400.44,Credit Card,Success,Chennai,2025-08
1113,T2113,2025-08-28,C105,Swiggy,9411.88,Net Banking,Success,Delhi,2025-08
1114,T2114,2025-08-28,C109,Amazon,4794.27,Net Banking,Success,Delhi,2025-08
1115,T2115,2025-08-29,C158,Flipkart,4336.24,UPI,Pending,Chennai,2025-08
1116,T2116,2025-08-29,C114,BigBasket,4146.95,UPI,Success,Bangalore,2025-08
1118,T2118,2025-08-29,C180,Flipkart,5767.33,Net Banking,Success,Chennai,2025-08
1119,T2119,2025-08-29,C129,Amazon,6559.09,Debit Card,Success,Kolkata,2025-08
1120,T2120,2025-08-30,C183,Amazon,4371.04,Debit Card,Success,Mumbai,2025-08
1121,T2121,2025-08-30,C148,Amazon,7393.39,Debit Card,Failed,Bangalore,2025-08
1122,T2122,2025-08-30,C139,Amazon,5250.72,UPI,Success,Mumbai,2025-08
1123,T2123,2025-08-30,C123,BigBasket,4992.0,Net Banking,Success,Delhi,2025-08
1125,T2125,2025-08-31,C119,Swiggy,7452.66,UPI,Success,Chennai,2025-08
1129,T2129,2025-09-01,C146,Myntra,6444.8,UPI,Success,Delhi,2025-09
1131,T2131,2025-09-01,C147,BigBasket,5604.1,Net Banking,Failed,Bangalore,2025-09
1132,T2132,2025-09-01,C169,Flipkart,4537.63,Credit Card,Success,Kolkata,2025-09
1133,T2133,2025-09-01,C185,Swiggy,4394.41,UPI,Success,Chennai,2025-09
1135,T2135,2025-09-02,C182,Flipkart,5905.81,UPI,Success,Delhi,2025-09
1136,T2136,2025-09-02,C130,Myntra,8451.53,Net Banking,Success,Chennai,2025-09
1137,T2137,2025-09-03,C168,Swiggy,7652.74,Debit Card,Pending,Delhi,2025-09
1139,T2139,2025-09-03,C166,Swiggy,8534.95,UPI,Failed,Chennai,2025-09
1140,T2140,2025-09-03,C186,Amazon,8517.72,UPI,Success,Kolkata,2025-09
1141,T2141,2025-09-04,C166,Amazon,4045.67,Net Banking,Failed,Mumbai,2025-09
1143,T2143,2025-09-04,C181,Swiggy,4537.25,Credit Card,Success,Delhi,2025-09
1145,T2145,2025-09-04,C114,Swiggy,6241.54,Credit Card,Success,Bangalore,2025-09
1146,T2146,2025-09-05,C169,BigBasket,7234.89,UPI,Success,Bangalore,2025-09
1148,T2148,2025-09-05,C134,Amazon,6575.61,UPI,Failed,Bangalore,2025-09
1149,T2149,2025-09-05,C120,Myntra,7364.16,Credit Card,Success,Mumbai,2025-09
1151,T2151,2025-09-06,C121,BigBasket,9781.38,UPI,Pending,Delhi,2025-09
1152,T2152,2025-09-06,C160,Swiggy,5599.07,Net Banking,Success,Kolkata,2025-09
1154,T2154,2025-09-06,C178,Myntra,6785.53,Net Banking,Pending,Mumbai,2025-09
1155,T2155,2025-09-06,C125,Flipkart,7420.37,Credit Card,Success,Kolkata,2025-09
1156,T2156,2025-09-07,C155,Myntra,6256.79,Net Banking,Pending,Bangalore,2025-09
1157,T2157,2025-09-07,C174,Amazon,6805.15,Debit Card,Success,Delhi,2025-09
1158,T2158,2025-09-07,C109,BigBasket,6748.97,UPI,Success,Kolkata,2025-09
1160,T2160,2025-09-08,C173,Flipkart,8876.92,UPI,Pending,Mumbai,2025-09
1161,T2161,2025-09-08,C130,Swiggy,7204.63,UPI,Success,Chennai,2025-09
1162,T2162,2025-09-08,C154,Swiggy,4138.63,UPI,Success,Delhi,2025-09
1163,T2163,2025-09-09,C127,BigBasket,7038.72,Debit Card,Success,Chennai,2025-09
1164,T2164,2025-09-09,C151,BigBasket,5019.47,UPI,Pending,Delhi,2025-09
1168,T2168,2025-09-10,C192,Amazon,9099.74,UPI,Pending,Bangalore,2025-09
1169,T2169,2025-09-10,C150,Myntra,6569.05,Debit Card,Success,Bangalore,2025-09
1171,T2171,2025-09-10,C152,Flipkart,7940.55,Debit Card,Success,Mumbai,2025-09
1172,T2172,2025-09-11,C102,Amazon,9947.55,Debit Card,Success,Mumbai,2025-09
1173,T2173,2025-09-11,C124,BigBasket,7897.14,UPI,Pending,Delhi,2025-09
1174,T2174,2025-09-11,C193,Flipkart,6563.93,UPI,Success,Bangalore,2025-09
1178,T2178,2025-09-12,C136,Swiggy,7012.08,Net Banking,Pending,Bangalore,2025-09
1179,T2179,2025-09-13,C151,Myntra,4224.44,Net Banking,Pending,Delhi,2025-09
1181,T2181,2025-09-13,C181,Myntra,4370.14,Debit Card,Success,Mumbai,2025-09
1184,T2184,2025-09-14,C178,Amazon,7144.42,UPI,Success,Mumbai,2025-09
1185,T2185,2025-09-14,C178,Myntra,9196.35,Net Banking,Pending,Bangalore,2025-09
1187,T2187,2025-09-15,C130,Amazon,5942.93,Debit Card,Success,Bangalore,2025-09
1188,T2188,2025-09-15,C152,BigBasket,6229.28,UPI,Success,Delhi,2025-09
1189,T2189,2025-09-16,C139,Myntra,9196.06,UPI,Success,Bangalore,2025-09
1191,T2191,2025-09-16,C193,Amazon,6047.27,Credit Card,Success,Chennai,2025-09
1196,T2196,2025-09-17,C160,Amazon,9918.57,UPI,Success,Delhi,2025-09
1197,T2197,2025-09-17,C190,BigBasket,5887.92,UPI,Success,Delhi,2025-09
1198,T2198,2025-09-17,C110,BigBasket,5408.38,Net Banking,Success,Mumbai,2025-09
1200,T2200,2025-09-18,C185,Flipkart,5997.57,Net Banking,Success,Bangalore,2025-09
1201,T2201,2025-09-18,C179,BigBasket,6146.62,UPI,Pending,Chennai,2025-09
1202,T2202,2025-09-18,C173,Swiggy,7285.12,Debit Card,Success,Kolkata,2025-09
1203,T2203,2025-09-18,C146,Swiggy,4250.8,Credit Card,Success,Bangalore,2025-09
1204,T2204,2025-09-19,C104,Swiggy,5250.28,UPI,Success,Chennai,2025-09
1205,T2205,2025-09-19,C125,BigBasket,4010.57,Net Banking,Success,Mumbai,2025-09
1207,T2207,2025-09-20,C116,Myntra,4751.03,Net Banking,Success,Mumbai,2025-09
1208,T2208,2025-09-20,C179,Swiggy,5218.49,UPI,Success,Mumbai,2025-09
1209,T2209,2025-09-20,C161,Amazon,5742.34,Credit Card,Success,Mumbai,2025-09
1210,T2210,2025-09-20,C155,Swiggy,8001.16,Credit Card,Pending,Delhi,2025-09
1212,T2212,2025-09-21,C157,Swiggy,8886.95,Debit Card,Success,Kolkata,2025-09
1213,T2213,2025-09-21,C183,Swiggy,5851.79,UPI,Success,Chennai,2025-09
1214,T2214,2025-09-21,C122,BigBasket,4729.64,Net Banking,Success,Delhi,2025-09
1218,T2218,2025-09-22,C127,Amazon,4737.32,Debit Card,Success,Delhi,2025-09
1219,T2219,2025-09-23,C142,Amazon,9597.39,Net Banking,Success,Mumbai,2025-09
1221,T2221,2025-09-23,C186,BigBasket,9026.25,Net Banking,Failed,Bangalore,2025-09
1223,T2223,2025-09-24,C190,Amazon,8473.39,Net Banking,Success,Chennai,2025-09
1225,T2225,2025-09-24,C139,Myntra,7377.78,Debit Card,Pending,Bangalore,2025-09
1226,T2226,2025-09-25,C185,Amazon,7624.15,Net Banking,Pending,Mumbai,2025-09
1228,T2228,2025-09-25,C136,Myntra,8480.14,Debit Card,Pending,Delhi,2025-09
1230,T2230,2025-09-26,C179,Swiggy,5355.42,UPI,Success,Kolkata,2025-09
1231,T2231,2025-09-26,C103,Myntra,9406.19,Net Banking,Success,Delhi,2025-09
1232,T2232,2025-09-26,C125,Myntra,4957.02,Debit Card,Success,Kolkata,2025-09
1234,T2234,2025-09-27,C130,Amazon,9536.73,Net Banking,Success,Delhi,2025-09
1237,T2237,2025-09-27,C115,Amazon,5365.67,Debit Card,Failed,Delhi,2025-09
1238,T2238,2025-09-27,C137,BigBasket,7441.98,UPI,Success,Chennai,2025-09
1240,T2240,2025-09-28,C160,Swiggy,7533.3,Debit Card,Success,Bangalore,2025-09
1241,T2241,2025-09-28,C164,Myntra,4436.1,Credit Card,Success,Mumbai,2025-09
1245,T2245,2025-09-29,C186,Swiggy,6036.98,Net Banking,Failed,Chennai,2025-09
1247,T2247,2025-09-29,C171,Flipkart,4551.36,UPI,Success,Bangalore,2025-09
1248,T2248,2025-09-30,C154,Amazon,6633.96,Debit Card,Success,Kolkata,2025-09
1249,T2249,2025-09-30,C101,Swiggy,7411.26,UPI,Success,Bangalore,2025-09
1250,T2250,2025-09-30,C117,Flipkart,5138.45,Debit Card,Failed,Kolkata,2025-09
1254,T2254,2025-10-01,C156,Swiggy,8620.24,Credit Card,Pending,Kolkata,2025-10
1257,T2257,2025-10-02,C129,Swiggy,6139.6,Credit Card,Pending,Kolkata,2025-10
1258,T2258,2025-10-03,C135,Myntra,9763.67,Debit Card,Pending,Kolkata,2025-10
1259,T2259,2025-10-03,C163,Flipkart,4060.61,Debit Card,Success,Bangalore,2025-10
1260,T2260,2025-10-03,C170,Amazon,9365.78,Credit Card,Success,Bangalore,2025-10
1261,T2261,2025-10-03,C139,Amazon,4949.26,UPI,Success,Mumbai,2025-10
1262,T2262,2025-10-04,C103,Amazon,9246.36,Credit Card,Success,Bangalore,2025-10
1263,T2263,2025-10-04,C115,Flipkart,7670.21,Debit Card,Success,Delhi,2025-10
1265,T2265,2025-10-04,C152,Myntra,5901.02,UPI,Success,Kolkata,2025-10
1266,T2266,2025-10-04,C164,Swiggy,8619.64,Credit Card,Success,Kolkata,2025-10
1267,T2267,2025-10-05,C104,Myntra,7995.36,Net Banking,Success,Bangalore,2025-10
1271,T2271,2025-10-06,C160,Myntra,8860.01,UPI,Success,Chennai,2025-10
1273,T2273,2025-10-06,C190,Myntra,6893.01,Debit Card,Success,Delhi,2025-10
1274,T2274,2025-10-06,C154,Flipkart,5212.95,Credit Card,Success,Mumbai,2025-10
1276,T2276,2025-10-07,C131,Flipkart,6755.42,Credit Card,Success,Kolkata,2025-10
1277,T2277,2025-10-07,C100,BigBasket,8230.18,Credit Card,Success,Chennai,2025-10
1278,T2278,2025-10-07,C192,Swiggy,8033.76,Net Banking,Success,Chennai,2025-10
1279,T2279,2025-10-07,C113,Flipkart,8802.78,Credit Card,Success,Delhi,2025-10
1283,T2283,2025-10-09,C190,Amazon,8210.08,Net Banking,Pending,Delhi,2025-10
1285,T2285,2025-10-09,C166,Swiggy,4700.33,UPI,Pending,Kolkata,2025-10
1286,T2286,2025-10-09,C133,Myntra,7539.76,Credit Card,Success,Delhi,2025-10
1288,T2288,2025-10-10,C154,BigBasket,6570.04,Net Banking,Success,Bangalore,2025-10
1289,T2289,2025-10-10,C173,Flipkart,9758.4,Credit Card,Success,Chennai,2025-10
1290,T2290,2025-10-10,C118,Swiggy,6595.13,Net Banking,Success,Kolkata,2025-10
1291,T2291,2025-10-10,C161,Flipkart,5554.0,Debit Card,Success,Kolkata,2025-10
1293,T2293,2025-10-11,C194,Myntra,4244.7,UPI,Success,Mumbai,2025-10
1295,T2295,2025-10-11,C156,Myntra,5684.54,Debit Card,Success,Mumbai,2025-10
1297,T2297,2025-10-12,C119,BigBasket,4752.56,Credit Card,Pending,Bangalore,2025-10
1302,T2302,2025-10-13,C183,Myntra,6143.8,UPI,Success,Kolkata,2025-10
1305,T2305,2025-10-13,C159,BigBasket,5308.0,Net Banking,Success,Bangalore,2025-10
1306,T2306,2025-10-14,C168,Flipkart,9491.59,UPI,Success,Bangalore,2025-10
1307,T2307,2025-10-14,C157,BigBasket,9788.48,Net Banking,Success,Chennai,2025-10
1310,T2310,2025-10-15,C160,BigBasket,5934.38,Debit Card,Pending,Kolkata,2025-10
1311,T2311,2025-10-15,C197,Amazon,6368.18,UPI,Failed,Bangalore,2025-10
1313,T2313,2025-10-16,C145,Myntra,5588.55,Debit Card,Success,Bangalore,2025-10
1316,T2316,2025-10-16,C146,Amazon,8285.22,UPI,Failed,Delhi,2025-10
1318,T2318,2025-10-17,C159,BigBasket,5831.88,Credit Card,Success,Delhi,2025-10
1319,T2319,2025-10-17,C126,Swiggy,5670.41,Net Banking,Success,Delhi,2025-10
1320,T2320,2025-10-17,C120,BigBasket,5014.53,Net Banking,Pending,Chennai,2025-10
1321,T2321,2025-10-18,C107,BigBasket,8799.76,UPI,Success,Bangalore,2025-10
1323,T2323,2025-10-18,C151,Myntra,9657.62,Debit Card,Failed,Mumbai,2025-10
1324,T2324,2025-10-18,C139,BigBasket,5983.3,Net Banking,Success,Chennai,2025-10
1325,T2325,2025-10-19,C184,Flipkart,8128.53,Debit Card,Success,Chennai,2025-10
1326,T2326,2025-10-19,C114,BigBasket,6111.39,Credit Card,Success,Chennai,2025-10
1329,T2329,2025-10-20,C177,Amazon,6932.26,UPI,Success,Mumbai,2025-10
1330,T2330,2025-10-20,C149,Flipkart,6225.28,UPI,Success,Chennai,2025-10
1333,T2333,2025-10-20,C168,Myntra,9746.73,Credit Card,Success,Chennai,2025-10
1334,T2334,2025-10-21,C154,BigBasket,6378.92,UPI,Success,Chennai,2025-10
1335,T2335,2025-10-21,C170,Flipkart,5392.55,UPI,Failed,Bangalore,2025-10
1336,T2336,2025-10-21,C149,Flipkart,7087.39,Debit Card,Failed,Kolkata,2025-10
1337,T2337,2025-10-21,C136,Flipkart,9365.15,Credit Card,Pending,Bangalore,2025-10
1339,T2339,2025-10-22,C116,BigBasket,4032.61,Debit Card,Success,Bangalore,2025-10
1342,T2342,2025-10-23,C163,BigBasket,9761.39,Debit Card,Failed,Bangalore,2025-10
1343,T2343,2025-10-23,C133,Flipkart,7978.31,UPI,Success,Chennai,2025-10
1344,T2344,2025-10-24,C172,Myntra,7077.9,Credit Card,Success,Chennai,2025-10
1346,T2346,2025-10-24,C130,Swiggy,7820.71,Net Banking,Success,Delhi,2025-10
1351,T2351,2025-10-25,C113,Amazon,6297.3,Credit Card,Success,Kolkata,2025-10
1352,T2352,2025-10-25,C102,Swiggy,8654.95,Debit Card,Success,Bangalore,2025-10
1354,T2354,2025-10-26,C128,Myntra,5450.72,Credit Card,Success,Mumbai,2025-10
1355,T2355,2025-10-26,C141,Flipkart,6761.25,Debit Card,Success,Bangalore,2025-10
1357,T2357,2025-10-26,C127,BigBasket,5026.71,Net Banking,Success,Delhi,2025-10
1358,T2358,2025-10-26,C187,BigBasket,9948.67,UPI,Pending,Chennai,2025-10
1361,T2361,2025-10-27,C151,BigBasket,4808.06,Debit Card,Success,Delhi,2025-10
1362,T2362,2025-10-27,C167,Swiggy,7839.39,Credit Card,Pending,Chennai,2025-10
1365,T2365,2025-10-28,C191,Myntra,7392.07,Debit Card,Success,Chennai,2025-10
1367,T2367,2025-10-29,C184,Swiggy,8957.41,Debit Card,Pending,Kolkata,2025-10
1369,T2369,2025-10-30,C177,Flipkart,7629.41,Credit Card,Pending,Bangalore,2025-10
1370,T2370,2025-10-30,C119,Swiggy,4836.21,UPI,Success,Kolkata,2025-10
1372,T2372,2025-10-31,C137,Flipkart,4863.12,Net Banking,Success,Mumbai,2025-10
1373,T2373,2025-10-31,C159,BigBasket,4537.58,UPI,Success,Bangalore,2025-10
1375,T2375,2025-10-31,C167,Myntra,7542.63,Net Banking,Success,Kolkata,2025-10
1376,T2376,2025-10-31,C170,Flipkart,4444.33,Debit Card,Success,Kolkata,2025-10
1377,T2377,2025-11-01,C192,Amazon,9307.03,Credit Card,Success,Mumbai,2025-11
1378,T2378,2025-11-01,C134,Flipkart,9988.41,Credit Card,Success,Chennai,2025-11
1379,T2379,2025-11-01,C196,BigBasket,7935.37,Credit Card,Success,Mumbai,2025-11
1380,T2380,2025-11-01,C130,Swiggy,4824.29,Net Banking,Success,Chennai,2025-11
1381,T2381,2025-11-01,C168,Amazon,5566.41,Debit Card,Success,Bangalore,2025-11
1382,T2382,2025-11-02,C167,Myntra,7950.75,Net Banking,Failed,Bangalore,2025-11
1383,T2383,2025-11-02,C149,BigBasket,8910.0,Net Banking,Success,Kolkata,2025-11
1384,T2384,2025-11-02,C150,Myntra,6102.36,Debit Card,Success,Bangalore,2025-11
1386,T2386,2025-11-03,C199,Swiggy,4088.51,Credit Card,Success,Delhi,2025-11
1390,T2390,2025-11-04,C142,Amazon,4381.9,Debit Card,Pending,Kolkata,2025-11
1392,T2392,2025-11-04,C124,Flipkart,5754.56,UPI,Success,Bangalore,2025-11
1393,T2393,2025-11-05,C131,BigBasket,8118.41,Debit Card,Success,Delhi,2025-11
1395,T2395,2025-11-05,C118,Amazon,4846.23,UPI,Success,Chennai,2025-11
1396,T2396,2025-11-06,C161,Swiggy,9831.57,Net Banking,Pending,Chennai,2025-11
1398,T2398,2025-11-06,C148,Flipkart,4735.49,Net Banking,Success,Kolkata,2025-11
1401,T2401,2025-11-07,C189,Flipkart,4080.27,Credit Card,Success,Chennai,2025-11
1405,T2405,2025-11-08,C163,Myntra,6227.27,Debit Card,Success,Mumbai,2025-11
1406,T2406,2025-11-08,C138,Swiggy,9391.26,Net Banking,Success,Mumbai,2025-11
1407,T2407,2025-11-08,C199,BigBasket,5321.83,Credit Card,Success,Mumbai,2025-11
1409,T2409,2025-11-09,C187,Swiggy,5868.18,Debit Card,Success,Bangalore,2025-11
1412,T2412,2025-11-10,C142,Swiggy,9186.81,Net Banking,Success,Bangalore,2025-11
1413,T2413,2025-11-10,C106,Swiggy,4791.93,Net Banking,Success,Bangalore,2025-11
1414,T2414,2025-11-10,C112,Amazon,8767.84,Net Banking,Success,Kolkata,2025-11
1415,T2415,2025-11-10,C188,Myntra,9801.79,UPI,Success,Bangalore,2025-11
1419,T2419,2025-11-11,C102,Swiggy,4024.72,Net Banking,Failed,Bangalore,2025-11
1423,T2423,2025-11-12,C143,Swiggy,6392.05,UPI,Success,Mumbai,2025-11
1424,T2424,2025-11-12,C159,Amazon,4550.37,Net Banking,Success,Mumbai,2025-11
1425,T2425,2025-11-12,C111,BigBasket,8136.35,Net Banking,Pending,Kolkata,2025-11
1426,T2426,2025-11-12,C138,Flipkart,9726.23,Net Banking,Failed,Bangalore,2025-11
1428,T2428,2025-11-13,C138,Myntra,9899.25,Net Banking,Success,Delhi,2025-11
1429,T2429,2025-11-13,C189,Amazon,5844.38,Credit Card,Success,Delhi,2025-11
1430,T2430,2025-11-13,C114,Amazon,6420.83,Credit Card,Success,Bangalore,2025-11
1434,T2434,2025-11-14,C196,Flipkart,7673.74,Net Banking,Success,Kolkata,2025-11
1436,T2436,2025-11-15,C152,Myntra,6256.43,Debit Card,Success,Delhi,2025-11
1437,T2437,2025-11-15,C133,BigBasket,6966.05,Net Banking,Success,Chennai,2025-11
1438,T2438,2025-11-15,C100,Swiggy,4523.7,Net Banking,Success,Chennai,2025-11
1439,T2439,2025-11-16,C154,Myntra,4465.53,Credit Card,Success,Mumbai,2025-11
1440,T2440,2025-11-16,C198,BigBasket,5503.4,Net Banking,Success,Mumbai,2025-11
1441,T2441,2025-11-16,C163,Amazon,6235.22,Debit Card,Success,Bangalore,2025-11
1442,T2442,2025-11-17,C177,Swiggy,7401.4,Debit Card,Success,Chennai,2025-11
1443,T2443,2025-11-17,C123,Swiggy,9224.68,UPI,Success,Chennai,2025-11
1444,T2444,2025-11-17,C145,BigBasket,4560.71,Credit Card,Success,Chennai,2025-11
1448,T2448,2025-11-18,C173,Swiggy,4181.36,UPI,Success,Mumbai,2025-11
1449,T2449,2025-11-18,C103,BigBasket,5052.08,Net Banking,Success,Mumbai,2025-11
1451,T2451,2025-11-19,C113,Swiggy,9935.87,Debit Card,Failed,Delhi,2025-11
1452,T2452,2025-11-19,C177,Myntra,8613.71,Debit Card,Failed,Kolkata,2025-11
1453,T2453,2025-11-19,C131,Myntra,8345.09,Debit Card,Success,Bangalore,2025-11
1454,T2454,2025-11-20,C103,BigBasket,9851.96,Credit Card,Success,Bangalore,2025-11
1456,T2456,2025-11-20,C119,Amazon,6403.04,UPI,Success,Chennai,2025-11
1461,T2461,2025-11-21,C171,BigBasket,8503.04,Net Banking,Success,Chennai,2025-11
1462,T2462,2025-11-22,C132,Amazon,4484.23,UPI,Success,Delhi,2025-11
1465,T2465,2025-11-22,C137,Swiggy,6034.33,Credit Card,Success,Bangalore,2025-11
1467,T2467,2025-11-23,C178,Flipkart,7142.95,UPI,Success,Kolkata,2025-11
1468,T2468,2025-11-23,C197,Amazon,6143.0,Debit Card,Pending,Chennai,2025-11
1472,T2472,2025-11-24,C197,Myntra,9302.77,Debit Card,Failed,Delhi,2025-11
1474,T2474,2025-11-25,C155,Myntra,5548.2,Credit Card,Success,Delhi,2025-11
1475,T2475,2025-11-25,C198,Flipkart,6185.89,Debit Card,Success,Mumbai,2025-11
1476,T2476,2025-11-25,C122,Amazon,7423.72,Net Banking,Pending,Mumbai,2025-11
1477,T2477,2025-11-26,C127,BigBasket,4777.44,Debit Card,Success,Chennai,2025-11
1478,T2478,2025-11-26,C147,BigBasket,7357.93,Net Banking,Success,Kolkata,2025-11
1479,T2479,2025-11-26,C128,Myntra,4692.83,Debit Card,Success,Bangalore,2025-11
1480,T2480,2025-11-26,C110,Myntra,8609.66,Debit Card,Success,Kolkata,2025-11
1481,T2481,2025-11-26,C107,Myntra,6224.74,UPI,Success,Bangalore,2025-11
1485,T2485,2025-11-28,C193,BigBasket,4519.26,Credit Card,Success,Bangalore,2025-11
1486,T2486,2025-11-28,C127,Flipkart,8862.42,Debit Card,Success,Chennai,2025-11
1487,T2487,2025-11-28,C158,Flipkart,6906.59,Net Banking,Success,Delhi,2025-11
1488,T2488,2025-11-28,C176,Flipkart,4466.67,Debit Card,Success,Chennai,2025-11
1489,T2489,2025-11-29,C158,Amazon,6182.42,Net Banking,Success,Kolkata,2025-11
1491,T2491,2025-11-29,C176,Myntra,8122.0,UPI,Success,Bangalore,2025-11
1494,T2494,2025-11-30,C141,Flipkart,6053.59,Net Banking,Success,Mumbai,2025-11
1495,T2495,2025-11-30,C140,Swiggy,6360.32,UPI,Failed,Bangalore,2025-11
1496,T2496,2025-12-01,C178,Myntra,5515.18,UPI,Success,Mumbai,2025-12
1498,T2498,2025-12-01,C198,Amazon,4850.01,UPI,Failed,Kolkata,2025-12
1501,T2501,2025-12-02,C161,Amazon,9714.24,Credit Card,Success,Kolkata,2025-12
1502,T2502,2025-12-02,C175,BigBasket,4537.7,Net Banking,Success,Kolkata,2025-12
1503,T2503,2025-12-02,C102,Myntra,5354.16,Credit Card,Success,Bangalore,2025-12
1506,T2506,2025-12-03,C106,Amazon,7195.84,UPI,Success,Mumbai,2025-12
1507,T2507,2025-12-03,C170,Flipkart,5762.31,Credit Card,Success,Delhi,2025-12
1509,T2509,2025-12-03,C138,BigBasket,7496.4,Net Banking,Success,Kolkata,2025-12
1510,T2510,2025-12-04,C155,BigBasket,6104.67,Net Banking,Success,Mumbai,2025-12
1517,T2517,2025-12-05,C146,Amazon,9292.41,Credit Card,Success,Mumbai,2025-12
1518,T2518,2025-12-06,C126,Myntra,7762.0,Net Banking,Success,Mumbai,2025-12
1519,T2519,2025-12-06,C180,BigBasket,4400.06,Net Banking,Success,Mumbai,2025-12
1520,T2520,2025-12-06,C140,Myntra,9299.5,UPI,Failed,Delhi,2025-12
1522,T2522,2025-12-07,C125,Swiggy,6063.86,Credit Card,Success,Kolkata,2025-12
1523,T2523,2025-12-07,C110,Swiggy,4200.36,UPI,Success,Mumbai,2025-12
1525,T2525,2025-12-07,C179,Flipkart,8948.06,UPI,Pending,Mumbai,2025-12
1526,T2526,2025-12-07,C141,Swiggy,4235.66,Debit Card,Pending,Kolkata,2025-12
1529,T2529,2025-12-08,C151,BigBasket,8397.55,Net Banking,Pending,Delhi,2025-12
1530,T2530,2025-12-08,C190,Flipkart,8200.45,UPI,Success,Chennai,2025-12
1531,T2531,2025-12-09,C147,BigBasket,5682.24,Net Banking,Pending,Kolkata,2025-12
1532,T2532,2025-12-09,C199,Myntra,8177.42,Debit Card,Success,Chennai,2025-12
1533,T2533,2025-12-09,C123,Myntra,6662.95,UPI,Success,Kolkata,2025-12
1535,T2535,2025-12-10,C162,Swiggy,4482.29,UPI,Pending,Delhi,2025-12
1536,T2536,2025-12-10,C175,BigBasket,4607.99,UPI,Success,Bangalore,2025-12
1539,T2539,2025-12-11,C153,Myntra,8993.92,Net Banking,Success,Chennai,2025-12
1547,T2547,2025-12-12,C182,Amazon,9107.0,Credit Card,Success,Mumbai,2025-12
1548,T2548,2025-12-13,C195,BigBasket,9868.45,Debit Card,Pending,Delhi,2025-12
1550,T2550,2025-12-13,C187,Flipkart,8706.68,Debit Card,Success,Bangalore,2025-12
1551,T2551,2025-12-13,C194,Amazon,8440.3,Credit Card,Success,Delhi,2025-12
1558,T2558,2025-12-15,C101,Myntra,4769.24,Credit Card,Success,Bangalore,2025-12
1559,T2559,2025-12-15,C197,Flipkart,5264.97,UPI,Success,Kolkata,2025-12
1560,T2560,2025-12-16,C114,BigBasket,9950.59,Credit Card,Success,Delhi,2025-12
1562,T2562,2025-12-16,C159,Swiggy,5013.26,Debit Card,Pending,Bangalore,2025-12
1563,T2563,2025-12-16,C174,Flipkart,4092.41,Debit Card,Success,Delhi,2025-12
1566,T2566,2025-12-17,C189,Swiggy,6928.64,UPI,Success,Bangalore,2025-12
1569,T2569,2025-12-18,C154,BigBasket,8371.75,Net Banking,Success,Delhi,2025-12
1570,T2570,2025-12-18,C196,Flipkart,8550.94,Debit Card,Pending,Kolkata,2025-12
1571,T2571,2025-12-19,C195,Myntra,4940.09,Credit Card,Success,Bangalore,2025-12
1572,T2572,2025-12-19,C121,Amazon,8323.97,Net Banking,Success,Kolkata,2025-12
1573,T2573,2025-12-19,C180,Flipkart,6685.62,Credit Card,Success,Mumbai,2025-12
1576,T2576,2025-12-20,C178,Flipkart,8733.83,Net Banking,Success,Mumbai,2025-12
1577,T2577,2025-12-20,C176,Swiggy,8491.9,Net Banking,Success,Kolkata,2025-12
1579,T2579,2025-12-20,C113,Flipkart,7505.9,Net Banking,Success,Delhi,2025-12
1582,T2582,2025-12-21,C190,Swiggy,7943.48,Debit Card,Success,Chennai,2025-12
1584,T2584,2025-12-22,C179,Myntra,9326.25,Debit Card,Failed,Mumbai,2025-12
1585,T2585,2025-12-22,C151,Amazon,5420.63,Credit Card,Success,Chennai,2025-12
1586,T2586,2025-12-22,C136,Myntra,5323.6,Net Banking,Failed,Delhi,2025-12
1587,T2587,2025-12-23,C138,Flipkart,7676.68,Net Banking,Success,Delhi,2025-12
1589,T2589,2025-12-23,C114,Myntra,8299.16,Credit Card,Success,Bangalore,2025-12
1590,T2590,2025-12-23,C171,Amazon,7003.01,UPI,Failed,Delhi,2025-12
1591,T2591,2025-12-23,C171,Flipkart,4427.57,Debit Card,Success,Kolkata,2025-12
1594,T2594,2025-12-24,C146,Amazon,6607.61,Debit Card,Success,Mumbai,2025-12
1595,T2595,2025-12-24,C152,Swiggy,6285.13,Credit Card,Success,Chennai,2025-12
1597,T2597,2025-12-25,C124,Myntra,5963.52,Net Banking,Success,Delhi,2025-12
1598,T2598,2025-12-25,C161,BigBasket,5975.22,Credit Card,Pending,Kolkata,2025-12
1599,T2599,2025-12-25,C162,Swiggy,8654.67,UPI,Pending,Kolkata,2025-12
1601,T2601,2025-12-26,C156,Myntra,9447.02,UPI,Success,Chennai,2025-12
1603,T2603,2025-12-26,C185,Swiggy,8046.78,Debit Card,Success,Delhi,2025-12
1605,T2605,2025-12-27,C196,Swiggy,5567.31,Debit Card,Success,Mumbai,2025-12
1608,T2608,2025-12-27,C101,Swiggy,5370.91,Credit Card,Pending,Bangalore,2025-12
1612,T2612,2025-12-28,C125,Swiggy,9130.83,UPI,Failed,Delhi,2025-12
1613,T2613,2025-12-29,C155,BigBasket,6349.73,Credit Card,Pending,Mumbai,2025-12
1616,T2616,2025-12-30,C193,Amazon,4426.19,Debit Card,Success,Kolkata,2025-12
1619,T2619,2025-12-30,C159,Swiggy,9505.02,UPI,Success,Kolkata,2025-12
1620,T2620,2025-12-31,C181,Myntra,4690.83,UPI,Success,Bangalore,2025-12
1621,T2621,2025-12-31,C194,Swiggy,7492.64,Debit Card,Pending,Mumbai,2025-12
1624,T2624,2025-12-31,C146,Amazon,5497.53,Credit Card,Success,Kolkata,2025-12
